{
    "bhk": {
        "min": 1,
        "max": 9,
        "mean": 3.328875089562933
    },
    "area_sqft": {
        "min": 2,
        "max": 13,
        "mean": 7.5027584187794885
    }
}